timesteps,difficulty,success_rate,ep_rew_mean,ep_len_mean
64000,0.0,0.17,-7.17,307.3
128000,0.0,0.14,-8.83,373.9
192000,0.0,0.13,-9.52,410.3
256000,0.0,0.22,-6.2,395.0
320000,0.0,0.32,-2.81,408.4
384000,0.0,0.19,-7.49,421.1
448000,0.0,0.24,-5.52,398.4
512000,0.0,0.24,-5.56,402.3
576000,0.0,0.29,-3.61,381.9
640000,0.0,0.21,-6.61,401.0
704000,0.0,0.3,-3.14,370.6
768000,0.0,0.24,-5.36,383.2
832000,0.0,0.34,-1.74,371.0
896000,0.0,0.28,-3.99,386.5
960000,0.0,0.3,-2.84,341.6
1024000,0.0,0.32,-2.37,365.6
1088000,0.0,0.34,-1.63,361.5
1152000,0.0,0.24,-5.71,417.2
1216000,0.0,0.38,-0.2,349.1
1280000,0.0,0.31,-2.87,380.0
1344000,0.0,0.31,-2.86,379.4
1408000,0.0,0.36,-0.97,365.9
1472000,0.0,0.38,0.05,334.9
1536000,0.0,0.36,-1.0,369.7
1600000,0.0,0.43,1.72,342.6
1664000,0.0,0.34,-1.7,369.1
1728000,0.0,0.41,0.99,345.6
1792000,0.0,0.44,2.3,320.0
1856000,0.0,0.49,4.09,316.9
1920000,0.0,0.42,1.36,344.0
1984000,0.0,0.44,2.25,325.4
2048000,0.0,0.62,8.82,298.8
2112000,0.1,0.66,10.58,261.1
2176000,0.1,0.6,-8.49,448.8
2240000,0.2,0.141,-5.84,430.2
2304000,0.2,0.227,-1.23,379.9
2368000,0.2,0.35,-1.95,426.3
2432000,0.2,0.32,-2.89,415.3
2496000,0.2,0.33,-2.68,428.1
2560000,0.2,0.39,-0.26,397.5
2624000,0.2,0.54,5.32,364.6
2688000,0.2,0.51,4.07,384.6
2752000,0.2,0.55,6.09,322.8
2816000,0.2,0.65,9.58,324.2
2880000,0.2,0.62,8.63,313.8
2944000,0.3,0.65,9.57,324.6
3008000,0.4,0.65,10.04,276.4
3072000,0.4,0.49,4.52,267.6
3136000,0.4,0.69,11.76,243.9
3200000,0.5,0.61,8.71,267.8
3264000,0.5,0.58,8.11,222.5
3328000,0.5,0.66,11.04,209.6
3392000,0.5,0.63,10.01,207.7
3456000,0.5,0.491,0.56,243.8
3520000,0.5,0.624,8.85,183.6
3584000,0.5,0.63,9.82,217.2
3648000,0.6,0.471,10.84,195.3
3712000,0.6,0.24,9.49,190.1
3776000,0.6,0.22,-4.19,194.3
3840000,0.5,0.55,-3.51,194.4
3904000,0.5,0.681,2.51,188.4
3968000,0.6,0.25,-3.19,198.1
4032000,0.6,0.32,-0.82,207.4
4096000,0.5,0.831,8.9,180.5
4160000,0.6,0.24,-3.33,177.9
4224000,0.6,0.28,-2.12,197.0
4288000,0.6,0.28,-2.24,209.5
4352000,0.6,0.28,-2.3,205.6
4416000,0.6,0.42,2.45,220.4
4480000,0.6,0.37,1.26,174.3
4544000,0.6,0.34,-0.24,219.4
4608000,0.6,0.36,0.52,213.2
4672000,0.6,0.33,-0.74,235.4
4736000,0.6,0.35,0.07,223.2
4800000,0.6,0.39,1.7,200.9
4864000,0.6,0.31,-0.91,181.0
4928000,0.6,0.31,-1.3,220.4
4992000,0.6,0.39,1.61,210.7
5056000,0.6,0.42,2.78,198.7
5120000,0.6,0.38,1.18,217.1
5184000,0.6,0.42,2.69,206.1
5248000,0.6,0.47,4.28,222.6
5312000,0.6,0.36,0.58,207.2
5376000,0.6,0.45,3.63,218.2
5440000,0.6,0.44,3.47,197.9
5504000,0.6,0.45,3.57,222.9
5568000,0.6,0.45,3.59,223.9
5632000,0.6,0.42,2.16,261.4
5696000,0.6,0.41,2.15,226.7
5760000,0.6,0.4,1.82,213.0
5824000,0.6,0.49,4.75,246.6
5888000,0.6,0.4,1.97,209.2
5952000,0.6,0.47,4.28,222.8
6016000,0.6,0.41,2.36,204.4
6080000,0.6,0.45,3.73,207.7
6144000,0.6,0.36,0.53,212.9
6208000,0.6,0.45,3.79,202.0
6272000,0.6,0.42,2.88,187.8
6336000,0.6,0.49,5.15,206.0
6400000,0.6,0.4,1.98,208.7
6464000,0.6,0.41,2.54,186.8
6528000,0.6,0.48,4.77,209.3
6592000,0.6,0.45,3.74,207.6
6656000,0.6,0.45,3.6,222.1
6720000,0.6,0.51,5.52,239.9
6784000,0.6,0.48,4.73,213.4
6848000,0.6,0.51,5.88,203.5
6912000,0.6,0.48,4.78,208.7
6976000,0.6,0.44,3.06,240.7
7040000,0.6,0.42,2.75,201.0
7104000,0.6,0.48,5.03,184.1
7168000,0.6,0.64,10.46,202.1
7232000,0.6,0.54,6.77,220.2
7296000,0.6,0.49,5.06,216.0
7360000,0.6,0.45,3.79,203.2
7424000,0.6,0.47,4.21,231.2
7488000,0.6,0.39,1.8,190.7
7552000,0.6,0.55,7.2,212.0
7616000,0.6,0.35,0.27,204.3
7680000,0.6,0.53,6.49,212.9
7744000,0.6,0.51,5.64,228.5
7808000,0.6,0.52,6.32,194.3
7872000,0.6,0.58,7.96,242.3
7936000,0.6,0.5,5.53,204.0
8000000,0.6,0.55,7.46,184.8
8064000,0.6,0.58,8.4,197.4
8128000,0.6,0.55,7.46,185.6
8192000,0.6,0.57,7.98,204.1
8256000,0.6,0.51,6.0,192.4
8320000,0.6,0.55,7.4,191.8
8384000,0.6,0.53,6.55,208.4
8448000,0.6,0.56,7.42,225.6
8512000,0.6,0.49,4.91,221.3
8576000,0.6,0.55,7.12,220.7
8640000,0.6,0.52,6.33,193.5
8704000,0.6,0.54,6.72,225.7
8768000,0.6,0.51,5.85,206.3
8832000,0.6,0.53,6.51,210.9
8896000,0.6,0.59,8.37,236.5
8960000,0.6,0.6,8.97,211.0
9024000,0.6,0.58,8.5,187.7
9088000,0.6,0.51,5.86,206.7
9152000,0.6,0.56,7.65,202.3
9216000,0.6,0.55,7.33,198.9
9280000,0.6,0.51,5.77,214.8
9344000,0.6,0.55,7.16,215.8
9408000,0.6,0.56,7.73,194.9
9472000,0.7,0.565,10.87,194.3
9536000,0.7,0.53,6.79,179.3
9600000,0.7,0.44,3.31,212.0
9664000,0.7,0.53,6.6,198.4
9728000,0.7,0.53,6.4,218.4
9792000,0.7,0.6,8.88,214.9
9848000,0.6,0.61,9.2,221.8
9912000,0.6,0.51,5.95,197.8
9976000,0.6,0.61,9.38,204.2
10040000,0.6,0.61,9.24,218.4
10104000,0.6,0.6,8.95,212.3
10168000,0.6,0.63,10.07,205.7
10232000,0.6,0.53,6.46,216.0
10296000,0.6,0.54,6.98,200.6
10360000,0.7,0.4,5.82,207.7
10424000,0.7,0.43,3.05,202.5
10488000,0.7,0.58,8.24,209.3
10552000,0.7,0.47,4.39,209.1
10616000,0.7,0.44,3.48,195.6
10680000,0.7,0.53,6.41,217.4
10744000,0.7,0.6,8.69,234.7
10808000,0.7,0.49,4.97,210.8
10872000,0.7,0.57,7.95,203.3
10936000,0.7,0.51,5.8,207.8
11000000,0.7,0.54,6.88,204.9
11064000,0.7,0.51,5.62,226.0
11128000,0.7,0.48,4.75,207.8
11192000,0.7,0.46,4.23,189.5
11256000,0.7,0.58,8.2,213.0
11320000,0.7,0.54,6.97,196.5
11384000,0.7,0.5,5.18,224.9
11448000,0.7,0.52,5.99,224.7
11512000,0.7,0.51,5.97,191.0
11576000,0.7,0.58,8.4,192.9
11640000,0.7,0.52,6.52,170.7
11704000,0.7,0.49,4.94,224.4
11768000,0.7,0.58,8.15,217.9
11832000,0.7,0.59,8.62,206.3
11896000,0.7,0.55,6.97,231.0
11960000,0.7,0.52,6.19,205.3
12024000,0.7,0.54,7.06,187.4
12088000,0.7,0.58,8.28,205.3
12152000,0.7,0.55,7.48,180.5
12216000,0.7,0.6,9.19,184.1
12280000,0.7,0.55,7.1,218.1
12344000,0.7,0.48,5.1,173.6
12408000,0.7,0.56,7.9,173.1
12472000,0.7,0.55,7.4,188.2
12536000,0.7,0.49,5.1,208.2
12600000,0.7,0.56,7.23,220.2
12664000,0.7,0.52,6.44,179.2
12728000,0.7,0.57,8.09,189.6
12792000,0.7,0.59,8.47,221.6
12712000,0.6,0.61,9.52,190.7
12776000,0.6,0.67,11.4,212.5
12840000,0.6,0.67,11.38,214.8
12904000,0.7,0.5,5.52,200.6
12968000,0.7,0.54,6.87,206.8
13032000,0.7,0.58,8.34,200.1
13096000,0.7,0.56,7.48,215.7
13160000,0.7,0.54,6.78,215.4
13224000,0.7,0.62,9.41,223.2
13288000,0.7,0.64,10.45,198.3
13352000,0.7,0.63,10.14,195.5
13416000,0.7,0.49,5.08,210.5
13480000,0.8,0.46,3.87,223.0
13544000,0.8,0.55,7.07,217.6
13608000,0.8,0.58,8.36,193.5
13672000,0.8,0.45,3.66,209.4
13736000,0.8,0.54,6.9,200.1
13800000,0.8,0.47,4.15,230.0
13864000,0.8,0.51,5.8,204.7
13928000,0.8,0.53,6.22,232.6
13992000,0.8,0.53,6.49,205.9
14056000,0.8,0.4,1.68,231.9
14120000,0.8,0.58,8.27,203.2
14184000,0.8,0.45,3.52,223.0
14248000,0.8,0.6,8.8,220.4
14312000,0.8,0.49,4.65,249.8
14376000,0.8,0.52,5.85,234.9
14440000,0.8,0.55,7.05,219.5
14504000,0.8,0.47,4.22,222.7
14568000,0.8,0.41,1.99,236.4
14632000,0.8,0.57,7.72,222.6
14696000,0.8,0.48,4.57,222.5
14760000,0.8,0.5,5.0,249.8
14824000,0.8,0.55,7.24,200.7
14888000,0.8,0.52,6.06,214.0
14952000,0.8,0.45,3.67,207.7
15016000,0.8,0.58,8.39,190.6
15080000,0.8,0.61,9.29,205.7
15144000,0.8,0.52,5.96,214.2
15208000,0.8,0.55,7.25,199.9
15272000,0.8,0.5,5.12,238.1
15336000,0.8,0.56,7.37,222.9
15400000,0.8,0.6,9.29,171.4
15464000,0.8,0.48,4.65,214.9
15528000,0.8,0.55,7.16,208.7
15592000,0.8,0.47,4.76,169.4
15656000,0.8,0.51,6.05,180.3
15720000,0.8,0.6,8.96,204.0
15784000,0.8,0.63,9.99,206.3
15848000,0.8,0.56,7.37,222.7
15912000,0.8,0.62,9.65,204.6
15976000,0.8,0.6,9.05,195.5
16040000,0.8,0.54,6.88,202.4
16104000,0.9,0.583,12.14,200.8
16168000,0.9,0.52,7.5,234.8
16232000,0.9,0.42,4.99,216.2
16296000,0.9,0.46,6.32,223.2
16360000,0.9,0.49,6.87,202.9
16424000,0.9,0.47,5.77,243.0
16488000,0.9,0.55,9.12,223.3
16552000,0.9,0.44,3.92,252.9
16616000,0.9,0.43,4.39,240.9
16680000,0.9,0.46,6.28,262.0
16744000,0.9,0.55,7.06,218.6
16808000,0.9,0.44,5.68,217.4
16872000,0.9,0.47,5.41,243.7
16936000,0.9,0.45,4.59,290.9
17000000,0.9,0.52,6.67,222.8
17064000,0.9,0.47,4.82,233.3
17128000,0.9,0.45,5.45,239.9
17192000,0.9,0.52,7.23,237.1
17256000,0.9,0.46,4.55,260.1
17320000,0.9,0.38,2.99,241.2
17384000,0.9,0.58,10.18,222.4
17448000,0.9,0.52,8.36,193.9
17512000,0.9,0.54,8.15,250.0
17576000,0.9,0.46,4.66,249.0
17640000,0.9,0.55,8.12,217.6
17704000,0.9,0.53,8.2,209.8
17768000,0.9,0.58,9.48,222.3
17832000,0.9,0.62,10.05,235.0
17896000,0.9,0.56,8.93,242.3
17960000,0.9,0.54,8.18,211.9
18024000,0.9,0.47,5.43,241.7
18088000,0.9,0.55,9.85,219.6
18152000,0.9,0.53,7.07,217.7
18216000,0.9,0.54,6.8,209.5
18280000,0.9,0.57,8.76,259.0
18344000,0.9,0.47,6.08,247.4
18408000,0.9,0.56,8.0,230.0
18472000,0.9,0.58,10.24,215.6
18536000,0.9,0.55,8.33,232.3
18600000,0.9,0.46,6.94,230.8
18664000,0.9,0.43,2.92,248.4
18728000,0.9,0.51,7.82,213.5
18792000,0.9,0.62,11.76,203.7
18856000,0.9,0.52,7.54,241.0
18920000,0.9,0.56,9.02,233.2
18984000,0.9,0.62,10.5,225.4
19048000,0.9,0.62,10.2,220.4
19112000,0.9,0.6,10.83,227.1
19176000,0.9,0.63,11.62,217.8
19240000,0.9,0.62,11.32,212.9
19304000,0.9,0.58,11.06,204.3
19368000,0.9,0.65,12.5,199.9
19432000,1.0,0.46,5.14,270.8
19496000,1.0,0.39,1.59,275.8
19560000,1.0,0.54,6.98,262.3
19624000,1.0,0.52,5.04,246.5
19688000,1.0,0.49,7.77,252.8
19752000,1.0,0.56,9.49,256.2
19816000,1.0,0.49,6.38,251.9
19880000,1.0,0.57,8.89,246.3
19944000,1.0,0.49,6.16,273.6
20008000,1.0,0.51,7.14,246.0
20072000,1.0,0.54,8.5,250.5
20136000,1.0,0.53,7.85,210.0
20200000,1.0,0.53,7.61,234.3
20264000,1.0,0.64,10.48,227.2
20328000,1.0,0.65,11.03,242.5
20392000,1.0,0.54,8.0,229.8
20456000,1.0,0.421,9.71,233.5
20520000,1.0,0.64,11.4,240.2
20584000,1.0,0.68,12.47,237.6
20648000,1.0,0.61,9.76,229.2
20712000,1.0,0.58,9.59,246.4
20776000,1.0,0.52,5.96,259.3
20840000,1.0,0.61,10.04,236.2
20904000,1.0,0.6,9.67,237.9
20968000,1.0,0.53,9.47,223.1
21032000,1.0,0.55,8.94,241.2
21096000,1.0,0.58,9.12,257.6
21160000,1.0,0.7,11.62,218.1
21224000,1.0,0.61,9.23,246.6
21288000,1.0,0.63,10.51,223.7
21352000,1.0,0.57,8.68,267.1
21416000,1.0,0.64,12.03,212.4
21480000,1.0,0.56,9.11,223.6
21544000,1.0,0.54,8.16,214.1
21608000,1.0,0.59,10.17,223.5
21672000,1.0,0.59,8.77,257.8
21736000,1.0,0.59,11.38,207.5
21800000,1.0,0.64,10.28,246.5
21864000,1.0,0.54,6.8,244.7
21928000,1.0,0.63,12.15,199.9
21992000,1.0,0.63,9.61,244.4
22056000,1.0,0.58,9.38,231.8
22120000,1.0,0.57,8.88,246.8
22184000,1.0,0.67,11.7,210.1
22248000,1.0,0.64,11.22,222.9
22312000,1.0,0.74,15.45,219.7
22376000,1.0,0.68,11.7,210.3
22440000,1.0,0.72,13.83,207.0
22504000,1.0,0.68,13.16,204.2
22568000,1.0,0.6,9.2,214.8
22632000,1.0,0.69,13.33,222.3
22696000,1.0,0.67,11.95,219.8
22760000,1.0,0.66,11.81,198.9
22824000,1.0,0.65,10.6,250.0
22888000,1.0,0.71,14.84,211.4
22952000,1.0,0.6,9.09,226.2
23016000,1.0,0.7,11.89,226.2
23080000,1.0,0.77,15.58,207.1
23144000,1.0,0.64,10.75,235.2
23208000,1.0,0.74,13.64,226.5
23272000,1.0,0.66,12.06,209.5
23336000,1.0,0.73,14.53,196.6
23400000,1.0,0.77,15.84,216.5
23464000,1.0,0.76,15.16,214.3
23528000,1.0,0.73,14.33,226.9
23592000,1.0,0.77,13.5,194.5
23656000,1.0,0.69,12.89,195.6
23720000,1.0,0.73,14.51,208.9
23784000,1.0,0.74,13.27,228.0
23848000,1.0,0.73,12.99,221.0
23912000,1.0,0.76,16.22,213.2
23976000,1.0,0.69,12.42,208.4
24040000,1.0,0.76,15.17,213.1
24104000,1.0,0.69,11.93,222.2
24168000,1.0,0.74,16.45,190.5
24232000,1.0,0.64,10.28,211.9
24296000,1.0,0.67,12.1,204.6
24360000,1.0,0.66,11.94,221.2
24424000,1.0,0.75,13.43,211.6
24488000,1.0,0.71,13.94,195.9
24552000,1.0,0.82,17.52,188.2
24616000,1.0,0.65,12.33,181.7
24680000,1.0,0.7,13.94,195.6
24744000,1.0,0.71,14.07,218.3
24808000,1.0,0.81,17.04,200.7
24872000,1.0,0.74,14.41,184.3
24936000,1.0,0.74,13.49,205.7
25000000,1.0,0.77,15.5,214.7
25064000,1.0,0.71,12.72,212.5
25128000,1.0,0.76,15.27,203.1
25192000,1.0,0.77,16.08,191.6
25256000,1.0,0.74,14.34,225.8
25320000,1.0,0.71,13.13,206.6
25384000,1.0,0.72,13.94,196.0
25448000,1.0,0.79,14.96,198.8
25512000,1.0,0.74,13.91,198.7
25576000,1.0,0.86,18.81,164.2
25640000,1.0,0.78,15.57,208.1
25704000,1.0,0.76,15.7,195.3
25768000,1.0,0.83,16.55,215.3
25832000,1.0,0.69,12.66,218.8
25896000,1.0,0.71,13.97,193.1
25960000,1.0,0.72,13.65,225.1
26024000,1.0,0.81,18.21,189.3
26088000,1.0,0.79,16.12,187.7
26152000,1.0,0.82,17.8,195.4
26216000,1.0,0.84,17.19,186.2
26280000,1.0,0.79,15.99,201.1
26344000,1.0,0.82,16.04,196.1
26408000,1.0,0.83,17.09,196.5
26472000,1.0,0.77,15.63,201.8
26536000,1.0,0.77,14.82,178.1
26600000,1.0,0.82,17.07,198.1
26664000,1.0,0.81,16.01,198.6
26728000,1.0,0.86,19.45,169.9
26792000,1.0,0.84,17.53,187.2
26856000,1.0,0.85,18.27,183.0
26920000,1.0,0.84,17.13,192.2
26984000,1.0,0.76,16.09,191.5
27048000,1.0,0.81,15.13,181.9
27112000,1.0,0.85,17.22,147.7
27176000,1.0,0.76,14.01,188.9
27240000,1.0,0.88,19.41,174.3
27304000,1.0,0.83,16.4,160.4
27368000,1.0,0.87,17.98,177.4
27432000,1.0,0.86,17.37,167.8
27496000,1.0,0.83,16.22,178.3
27560000,1.0,0.83,17.3,209.9
27624000,1.0,0.78,17.06,164.3
27688000,1.0,0.78,15.55,174.9
27752000,1.0,0.9,19.67,183.2
27816000,1.0,0.8,16.43,192.2
27880000,1.0,0.85,17.12,192.9
27944000,1.0,0.86,17.41,198.8
28008000,1.0,0.85,18.0,174.8
28072000,1.0,0.87,19.37,177.9
28136000,1.0,0.79,17.0,169.8
28200000,1.0,0.87,17.45,159.6
28264000,1.0,0.82,16.21,179.0
28328000,1.0,0.8,15.81,183.9
28392000,1.0,0.9,19.86,164.3
28456000,1.0,0.87,18.21,188.6
28520000,1.0,0.89,18.42,168.2
28584000,1.0,0.88,19.96,189.4
28648000,1.0,0.87,18.72,207.9
28712000,1.0,0.9,20.04,205.6
28776000,1.0,0.9,18.57,187.9
28840000,1.0,0.92,19.89,195.7
28904000,1.0,0.88,18.96,184.3
28968000,1.0,0.89,19.84,166.5
29032000,1.0,0.88,19.17,197.9
29096000,1.0,0.86,18.46,163.8
29160000,1.0,0.86,16.99,171.1
29224000,1.0,0.84,17.26,178.8
29288000,1.0,0.9,20.14,171.3
29352000,1.0,0.93,18.67,177.7
29416000,1.0,0.89,18.07,168.0
29480000,1.0,0.87,19.11,169.4
29544000,1.0,0.89,18.42,167.7
29608000,1.0,0.86,17.65,175.2
29672000,1.0,0.82,17.09,161.1
29736000,1.0,0.89,19.09,170.5
29800000,1.0,0.94,20.34,151.0
29864000,1.0,0.85,18.03,172.2
29928000,1.0,0.88,19.37,178.1
29992000,1.0,0.84,17.08,161.8
30056000,1.0,0.89,20.46,173.9
30120000,1.0,0.91,20.25,160.2
30184000,1.0,0.83,17.54,150.7
30248000,1.0,0.86,18.53,156.8
30312000,1.0,0.89,19.26,154.2
30376000,1.0,0.9,19.48,201.8
30440000,1.0,0.93,19.67,183.0
30504000,1.0,0.86,18.81,163.7
30568000,1.0,0.88,18.89,190.7
30632000,1.0,0.88,19.57,157.7
30696000,1.0,0.84,18.94,151.4
30760000,1.0,0.92,19.47,168.1
30824000,1.0,0.86,18.88,156.9
30888000,1.0,0.9,19.35,179.6
30952000,1.0,0.87,18.5,160.2
31016000,1.0,0.9,20.5,170.4
31080000,1.0,0.89,19.59,155.9
31144000,1.0,0.9,19.98,151.9
31208000,1.0,0.92,19.78,172.3
31272000,1.0,0.86,18.32,177.5
31336000,1.0,0.91,19.42,173.1
31400000,1.0,0.88,17.52,153.2
31464000,1.0,0.88,18.74,170.7
31528000,1.0,0.91,19.55,160.2
31592000,1.0,0.91,20.73,182.0
31656000,1.0,0.82,17.55,149.9
31720000,1.0,0.87,18.71,174.1
31784000,1.0,0.85,19.68,147.2
31848000,1.0,0.91,20.24,161.0
31912000,1.0,0.86,18.07,168.5
31976000,1.0,0.86,18.28,147.0
32040000,1.0,0.92,20.74,181.5
32104000,1.0,0.93,20.37,182.8
32168000,1.0,0.89,19.43,172.1
32232000,1.0,0.89,18.82,163.2
32296000,1.0,0.91,21.03,152.5
32360000,1.0,0.91,20.27,158.5
32424000,1.0,0.95,21.3,159.9
32488000,1.0,0.86,18.18,191.9
32552000,1.0,0.9,18.99,180.9
32616000,1.0,0.9,19.22,157.9
32680000,1.0,0.88,17.91,148.6
32744000,1.0,0.93,20.85,170.3
32808000,1.0,0.88,18.97,147.6
32872000,1.0,0.9,19.22,157.8
32936000,1.0,0.87,17.42,163.0
33000000,1.0,0.87,16.61,174.4
33064000,1.0,0.85,17.95,145.0
33128000,1.0,0.94,20.71,149.1
33192000,1.0,0.89,17.48,156.9
33256000,1.0,0.89,19.82,168.5
33320000,1.0,0.92,20.21,164.0
33384000,1.0,0.89,19.98,151.6
33448000,1.0,0.87,18.81,163.6
33512000,1.0,0.83,17.88,152.3
33576000,1.0,0.89,19.28,151.8
33640000,1.0,0.94,20.51,169.0
33704000,1.0,0.83,18.56,154.3
33768000,1.0,0.9,19.98,152.3
33832000,1.0,0.91,19.25,155.4
33896000,1.0,0.85,18.73,171.6
33960000,1.0,0.93,18.75,169.9
34024000,1.0,0.95,21.63,161.7
34088000,1.0,0.96,20.97,157.9
34152000,1.0,0.97,22.36,158.9
34216000,1.0,0.91,20.14,136.3
34280000,1.0,0.89,20.29,156.0
34344000,1.0,0.89,18.01,173.7
34408000,1.0,0.87,17.89,150.9
34472000,1.0,0.94,20.03,146.7
34536000,1.0,0.91,20.27,157.8
34600000,1.0,0.91,19.86,164.3
34664000,1.0,0.91,20.04,145.5
34728000,1.0,0.88,19.42,138.1
34792000,1.0,0.93,20.35,150.4
34856000,1.0,0.87,18.88,157.3
34920000,1.0,0.92,21.24,166.4
34984000,1.0,0.9,19.33,146.6
35048000,1.0,0.9,20.28,157.4
35112000,1.0,0.88,19.67,148.1
35176000,1.0,0.99,23.1,154.7
35240000,1.0,0.93,21.36,154.0
35304000,1.0,0.93,20.75,144.5
35368000,1.0,0.91,20.23,162.2
35432000,1.0,0.93,21.65,159.7
35496000,1.0,0.92,20.6,160.5
35560000,1.0,0.87,18.96,148.7
35624000,1.0,0.92,20.27,158.2
35688000,1.0,0.91,20.21,163.9
35752000,1.0,0.91,20.66,154.0
35816000,1.0,0.94,20.26,159.3
35880000,1.0,0.96,21.31,158.5
35944000,1.0,0.94,21.43,147.1
36008000,1.0,0.91,19.69,145.7
36072000,1.0,0.92,19.95,154.6
